uid,post_id
5wa3Jps2sLUiYqVkw5xzoAiagm82,P2
5wa3Jps2sLUiYqVkw5xzoAiagm82,P32
5wa3Jps2sLUiYqVkw5xzoAiagm82,P13
5wa3Jps2sLUiYqVkw5xzoAiagm82,P18
bdGaGyNB0VTiMpOeaqjHmP8R8dH3,P26
bdGaGyNB0VTiMpOeaqjHmP8R8dH3,P8
bdGaGyNB0VTiMpOeaqjHmP8R8dH3,P6
bdGaGyNB0VTiMpOeaqjHmP8R8dH3,P20
bdGaGyNB0VTiMpOeaqjHmP8R8dH3,P38
dXWev0OuqxSRslnb8zrFQmpn5963,P4
dXWev0OuqxSRslnb8zrFQmpn5963,P11
dXWev0OuqxSRslnb8zrFQmpn5963,P15
dXWev0OuqxSRslnb8zrFQmpn5963,P35
dXWev0OuqxSRslnb8zrFQmpn5963,P39
CLvFHyfWadX6WN4RRbS0vINioTD3,P7
CLvFHyfWadX6WN4RRbS0vINioTD3,P23
CLvFHyfWadX6WN4RRbS0vINioTD3,P29
CLvFHyfWadX6WN4RRbS0vINioTD3,P32
CLvFHyfWadX6WN4RRbS0vINioTD3,P2
i2BUOBiFJoS0IJiV3xnYPiLyNPs2,P6
i2BUOBiFJoS0IJiV3xnYPiLyNPs2,P13
i2BUOBiFJoS0IJiV3xnYPiLyNPs2,P18
i2BUOBiFJoS0IJiV3xnYPiLyNPs2,P3
i2BUOBiFJoS0IJiV3xnYPiLyNPs2,P40
VUiSPva8ccRrQf43OB0jOPoFGbA3,P1
VUiSPva8ccRrQf43OB0jOPoFGbA3,P5
VUiSPva8ccRrQf43OB0jOPoFGbA3,P22
VUiSPva8ccRrQf43OB0jOPoFGbA3,P39
3xmOyQolnhX37uU9AQIAjFIRJjq1,P7
3xmOyQolnhX37uU9AQIAjFIRJjq1,P23
3xmOyQolnhX37uU9AQIAjFIRJjq1,P25
3xmOyQolnhX37uU9AQIAjFIRJjq1,P29
3xmOyQolnhX37uU9AQIAjFIRJjq1,P40
tSsDtETK88eN9ahOdPepsjpzW043,P7
tSsDtETK88eN9ahOdPepsjpzW043,P12
tSsDtETK88eN9ahOdPepsjpzW043,P19
tSsDtETK88eN9ahOdPepsjpzW043,P28
vGduZIHt3GfNOoNDAFpEMP6iyb13,P6
vGduZIHt3GfNOoNDAFpEMP6iyb13,P13
vGduZIHt3GfNOoNDAFpEMP6iyb13,P26
vGduZIHt3GfNOoNDAFpEMP6iyb13,P16
vGduZIHt3GfNOoNDAFpEMP6iyb13,P38
Sd7QavdMy4T1XpOYoSpQUWc5ucB2,P9
Sd7QavdMy4T1XpOYoSpQUWc5ucB2,P18
Sd7QavdMy4T1XpOYoSpQUWc5ucB2,P2
Sd7QavdMy4T1XpOYoSpQUWc5ucB2,P32
jTPfuoPx30Pq2dgVK2m9OrCmqgJ3,P11
jTPfuoPx30Pq2dgVK2m9OrCmqgJ3,P17
jTPfuoPx30Pq2dgVK2m9OrCmqgJ3,P28
jTPfuoPx30Pq2dgVK2m9OrCmqgJ3,P34
VlZH7NWVgNecCv4zQv7krwahPt53,P4
VlZH7NWVgNecCv4zQv7krwahPt53,P27
VlZH7NWVgNecCv4zQv7krwahPt53,P33
VlZH7NWVgNecCv4zQv7krwahPt53,P48
rGVcfzvTrvf664S5E7rpWpR2xWm1,P2
rGVcfzvTrvf664S5E7rpWpR2xWm1,P36
rGVcfzvTrvf664S5E7rpWpR2xWm1,P54